Kabir Nagar,Delhi
Lajpat Nagar Part III,Delhi
Maidan Garhi Road,Delhi
Saroop Nagar,Delhi
Nathupur,Delhi
Dabri,Delhi
Tansen Marg,Delhi
Nehru Nagar,Delhi
Mehrauli Road,Delhi
Kakrola,Delhi
Bijwasan,Delhi
Kalyanvas,Delhi
Mandoli,Delhi
Sultanpuri,Delhi
Palam Vihar,Delhi
Arya Nagar,Delhi
Dayalpur,Delhi
Shivalik,Delhi
Meerut Cantt.,Delhi
Rohini Sector 8,Delhi
Kirti Nagar,Delhi
Mehram Nagar,Delhi
Mayur Vihar 2,Delhi
Sheikh Sarai,Delhi
Ashok Vihar Phase 1,Delhi
Farash Khana,Delhi
Tilak Nagar,Delhi
Bankner,Delhi
Fatehpuri,Delhi
Bali Nagar,Delhi
Nirankari Colony,Delhi
Bhagirathi Vihar,Delhi
Tagore Garden Extension,Delhi
Karkardooma,Delhi
Rashtrapati Bhavan,Delhi
Palam Village,Delhi
Rohini Sector 5,Delhi
Vikaspuri,Delhi
Friends Colony,Delhi
Sadhna Enclave,Delhi
Vikas Nagar,Delhi
Pooth Kalan,Delhi
Udyog Nagar,Delhi
Krishna Nagar,Delhi
Sitaram Bazar,Delhi
Maidan Garhi Road,Delhi
Mangolpuri Industrial Area Phase 2,Delhi
Rampura,Delhi
Lahore Gate,Delhi
Ghaziabad,Delhi
Bara Tooti,Delhi
Saini Enclave,Delhi
Mukherjee Nagar,Delhi
Indirapuram,Delhi
Paharganj,Delhi
Brijpuri,Delhi
Fateh Nagar,Delhi
Uttam Nagar,Delhi
Rohini Sector 16,Delhi
Sagarpur West,Delhi
Ram Nagar,Delhi
Ravinder Rangsala,Delhi
Begumpur,Delhi
Palam Vihar,Delhi
Punjabi Bagh,Delhi
G.B. Road,Delhi
Khanna Market,Delhi
Rohini Sector 9,Delhi
Mahipalpur,Delhi
Mahavir Enclave,Delhi
Pulpehladpur,Delhi
Jhandewalan,Delhi
Mandir Marg,Delhi
Chilla,Delhi
Madhu Vihar,Delhi
Madhuban Enclave,Delhi
Sikanderpur,Delhi
Sadatpur,Delhi
Maharani Enclave,Delhi
Daya Basti,Delhi
Shastri Nagar,Delhi
Netaji Nagar,Delhi
Old Seemapuri,Delhi
Saiyad Ul Ajaib,Delhi
Mandi House,Delhi
Mamura,Delhi
Yamuna Vihar,Delhi
Gautam Vihar,Delhi
Rohini Sector 10,Delhi
Shahpur,Delhi
Inder Puri,Delhi
Jahangirpuri,Delhi
Rishi Nagar,Delhi
Kabir Nagar,Delhi
Raghubar Pura,Delhi
Rohini Sector 24,Delhi
Azad Market,Delhi
Dwarka Sector 4,Delhi
R.K. Puram,Delhi
Todapur,Delhi
Mayapuri Industrial Area Phase 1,Delhi
Shardhanand Marg,Delhi
West Patel Nagar,Delhi
Hauz Khas,Delhi
Kirari Suleman Nagar,Delhi
Dwarka Sector 7,Delhi
Possangipur,Delhi
South Extension Part II,Delhi
G.T. Road,Delhi
Teliwara,Delhi
Nizamuddin West,Delhi
Najafgarh Road Industrial Area,Delhi
Sadar Bazar,Delhi
Pitampura,Delhi
Tagore Garden,Delhi
Prashant Vihar,Delhi
Rajendra Place,Delhi
Daulatpura,Delhi
Panchkuian Road,Delhi
Moti Bagh,Delhi
Greater Kailash I,Delhi
East of Kailash,Delhi
New Lajpat Rai Market,Delhi
Masood Pur,Delhi
G.B. Road,Delhi
Arjun Garh,Delhi
Lajpat Nagar 1,Delhi
Shakurbasti,Delhi
Chandni Chowk,Delhi
Jor Bagh,Delhi
Mahavir Enclave,Delhi
Lajpat Nagar Part IV,Delhi
Tilak Bazaar,Delhi
Dilli Haat,Delhi
Malka Ganj,Delhi
New Mahavir Nagar,Delhi
Dwarka Sector 10,Delhi
Hazrat Nizamuddin,Delhi
Saket,Delhi
Preet Vihar,Delhi
Tughlakabad,Delhi
Lajpat Nagar,Delhi
Rohini Sector 15,Delhi
Humayunpur,Delhi
Netaji Subhash Place,Delhi
Rajokri,Delhi
Sunder Vihar,Delhi
Okhla Industrial Area,Delhi
Aram Bagh,Delhi
Kutubgarh,Delhi
Ganeshpura,Delhi
Azad Nagar East,Delhi
Rohini Sector 2,Delhi
Lajpat Nagar,Delhi
Noida Phase 2,Delhi
Nirman Vihar,Delhi
Satbari,Delhi
Ramesh Nagar,Delhi
Nangal Raya,Delhi
Mayapuri,Delhi
Molarband,Delhi
Jitar Nagar,Delhi
Vasant Vihar,Delhi
Nangloi,Delhi
Inderlok,Delhi
Kalu Sarai,Delhi
A S Rao Nagar,Delhi
Jawahar Nagar,Delhi
Kalkaji,Delhi
Sant Nagar,Delhi
Noida Sector 7,Delhi
Masjid Moth Extension,Delhi
Mohan Garden,Delhi
Dayanand Colony,Delhi
Roshanara Road,Delhi
Jwala Heri,Delhi
Chauhan Bangar,Delhi
Sonia Vihar,Delhi
New Ranjeet Nagar,Delhi
New Rajinder Nagar,Delhi
Delhi G.P.O.,Delhi
Gurgaon Road,Delhi
Bawana,Delhi
Sarai Kale Khan,Delhi
Amritpuri,Delhi
Rohini Sector 11,Delhi
Ajmeri Gate,Delhi
Hastal,Delhi
Khureji,Delhi
Galib Pur,Delhi
Tri Nagar,Delhi
Govind Pura,Delhi
Noida Sector 25,Delhi
Munirka,Delhi
Ahata Kidara,Delhi
Noida Sector 27,Delhi
Karala,Delhi
Yojna Vihar,Delhi
East Vinod Nagar,Delhi
Khirki Extension,Delhi
Pankha Road,Delhi
Gole Market,Delhi
Kilokri,Delhi
Krishna Park,Delhi
Nirman Vihar,Delhi
Rohini Sector 6,Delhi
Janpath,Delhi
Karol Bagh,Delhi
Noida Sector 2,Delhi
IGI Airport,Delhi
Dwarka Sector 3,Delhi
Nihal Vihar,Delhi
I.G. Open University,Delhi
Mayur Vihar,Delhi
Chand Nagar,Delhi
Ansari Nagar,Delhi
Jhilmil Industrial Area,Delhi
Connaught Place,Delhi
Rohini Sector 18,Delhi
Mehrauli,Delhi
Kidwai Nagar,Delhi
Arjun Nagar,Delhi
Punjabi Bagh Extension,Delhi
Tuglakabad Railway Colony,Delhi
New Seemapuri,Delhi
Saket,Delhi
New Kondli,Delhi
East Krishna Nagar,Delhi
Badli Industrial Area,Delhi
Shastri Nagar,Delhi
Rabindra Nagar,Delhi
Roop Nagar,Delhi
Mundka,Delhi
Jhandewalan Extension,Delhi
Greater Kailash II,Delhi
Burari,Delhi
Sriniwaspuri,Delhi
Dilshad Garden,Delhi
Dwarka Sector 19,Delhi
Najafgarh Road,Delhi
Taimoor Nagar,Delhi
Dwarka,Delhi
Chattarpur,Delhi
Sarita Vihar,Delhi
Mathura Road,Delhi
Qutabgarh,Delhi
Kidwai Nagar East,Delhi
Madangir,Delhi
Malviya Nagar,Delhi
Ghitorni,Delhi
Karawal Nagar,Delhi
Adarsh Nagar,Delhi
Okhla,Delhi
M.C.D. Market,Delhi
Jangpura,Delhi
Shakurpur,Delhi
Khari Baoli,Delhi
Lawrence Road Industrial Area,Delhi
Kondli,Delhi
Lakshmi Bai Nagar,Delhi
Baird Place,Delhi
Rithala,Delhi
Panchwati,Delhi
Roshanpura,Delhi
Vasundhara Enclave,Delhi
Defence Colony,Delhi
Noida Sector 4,Delhi
Dwarka Sector 11,Delhi
Jhilmil,Delhi
Mohan Cooperative Industrial Estate,Delhi
Sat Nagar,Delhi
BK Dutt Colony,Delhi
Noida Sector 37,Delhi
Vaishali,Delhi
Rajendra Nagar,Delhi
Noida Sector 22,Delhi
Old Gupta Colony,Delhi
Timarpur,Delhi
Bhagirath Palace,Delhi
Anand Vihar,Delhi
Haiderpur,Delhi
South Extension Part I,Delhi
Pratap Nagar,Delhi
Lajpat Nagar Part II,Delhi
Sat Nagar,Delhi
Jiwan Nagar,Delhi
Krishna Nagar East,Delhi
Shakurpur Colony,Delhi
South Patel Nagar,Delhi
Wazirpur,Delhi
Mandoli Saboli,Delhi
Mayur Vihar Phase 1,Delhi
Nehru Place,Delhi
Palika Bazar,Delhi
Cariappa Vihar,Delhi
Shahabad Daulatpur,Delhi
Kanjhawala,Delhi
Dwarka Sector 5,Delhi
Noida Sector 9,Delhi
Nehru Place,Delhi
Naraina,Delhi
Katwaria Sarai,Delhi
D.B. Gupta Road,Delhi
Maharani Bagh,Delhi
Kirti Nagar Industrial Area,Delhi
Indraprastha Extension,Delhi
Sadh Nagar,Delhi
Noida Sector 11,Delhi
Narela,Delhi
GT Karnal Road,Delhi
Alaknanda,Delhi
Holambi Khurd,Delhi
Sadar Bazar,Delhi
Model Town,Delhi
Gokulpuri,Delhi
South Extension Part II,Delhi
Regar Pura,Delhi
Peeragarhi,Delhi
Khanpur,Delhi
Khizrabad,Delhi
Noida Sector 63,Delhi
West Patel Nagar,Delhi
Mustafabad,Delhi
Vishnu Garden,Delhi
Shahdara,Delhi
Rohini Sector 17,Delhi
Nawab Ganj,Delhi
Pandav Nagar,Delhi
Govindpuri,Delhi
Hardevpuri,Delhi
Mandawali Fazalpur,Delhi
Vasant Kunj Phase II,Delhi
Rohini,Delhi
Sundar Nagar,Delhi
Rohtash Nagar West,Delhi
Mayapuri,Delhi
Usmanpur,Delhi
Mehrauli Gurgaon Road,Delhi
Mayur Vihar,Delhi
Gulabi Bagh,Delhi
Sherpur,Delhi
Old Seemapuri,Delhi
Mukherji Park,Delhi
Shiv Vihar,Delhi
Daryaganj,Delhi
Shahpur Jat,Delhi
Shiv Puri,Delhi
Vasant Vihar,Delhi
Surajkund,Delhi
Durgapuri,Delhi
Badarpur Pahari,Delhi
Okhla,Delhi
Deoli,Delhi
Geeta Colony,Delhi
Chanakyapuri,Delhi
Mayapuri Industrial Area Phase 2,Delhi
Ranjit Nagar,Delhi
Garhi,Delhi
Bakhtawar Pur,Delhi
Model Basti,Delhi
Naraina Vihar,Delhi
Rani Bagh,Delhi
Budh Nagar,Delhi
Naraina Industrial Estate,Delhi
Connaught Place,Delhi
Ballimaran,Delhi
Siri Fort,Delhi
Nangloi Extension,Delhi
Raghubir Nagar,Delhi
Palam Colony,Delhi
Rajpath,Delhi
Kalyan Vihar,Delhi
Sunlight Colony,Delhi
Faridabad,Delhi
Wazirpur Phase III,Delhi
Tughlak Road,Delhi
Shastri Park,Delhi
Sector 5,Delhi
Khyala,Delhi
Vivek Vihar,Delhi
Chittaranjan Park,Delhi
Aya Nagar,Delhi
Naraina,Delhi
Harsh Vihar,Delhi
Laxmi Nagar,Delhi
Noida Sector 18,Delhi
Old Mustfabad,Delhi
Shadipur,Delhi
Amar Colony,Delhi
Budh Vihar,Delhi
Okhla Phase 2,Delhi
Kashmiri Gate,Delhi
Maujpur,Delhi
Nirman Bhawan,Delhi
Madanpur Khadar,Delhi
Mukherjee Nagar,Delhi
I.N.A. Colony,Delhi
Samaipur,Delhi
I.A.R.I.,Delhi
Uttam Nagar,Delhi
Ghanta Ghar,Delhi
Harkesh Nagar,Delhi
Jawaharlal Nehru University,Delhi
Delhi Gate,Delhi
Patparganj,Delhi
Kishanganj,Delhi
NDSE Part II,Delhi
Noida Sector 15,Delhi
India Gate,Delhi
Rani Jhansi Road,Delhi
DLF Farms,Delhi
Nand Nagri,Delhi
Jheel Khurenja,Delhi
Geeta Colony,Delhi
Hari Nagar,Delhi
Shivpuri,Delhi
Chander Nagar,Delhi
Neb Sarai,Delhi
New Moti Nagar,Delhi
Nasirpur,Delhi
Azadpur,Delhi
Rani Bagh,Delhi
Baprola,Delhi
Gharoli,Delhi
Noida Sector 38,Delhi
New Moti Bagh,Delhi
Khichripur,Delhi
Ganesh Nagar,Delhi
Jangpura Extension,Delhi
Tughlakabad Extension,Delhi
Vasant Kunj,Delhi
Jail Road,Delhi
Kamla Nagar,Delhi
Wazirpur,Delhi
Gujranwala Town,Delhi
Jharoda Majraa,Delhi
Delhi Cantt,Delhi
Gamri,Delhi
Khizrabad,Delhi
Wazirpur Industrial Area,Delhi
Khel Gaon Marg,Delhi
Bhogal,Delhi
Sadar Bazaar West,Delhi
Savitri Nagar,Delhi
Rakab Ganj,Delhi
Karampura,Delhi
Vivekanand Nagar,Delhi
Jamia Nagar,Delhi
Aman Vihar,Delhi
Kamla Nagar,Delhi
Chattarpur Road,Delhi
Surajmal Vihar,Delhi
Kishangarh,Delhi
Bharat Nagar,Delhi
Shakarpur Khas,Delhi
Bara Hindu Rao,Delhi
Krishna Nagar,Delhi
Wazirabad,Delhi
A.K. Market,Delhi
Patel Nagar,Delhi
Chandni Chowk,Delhi
Ganesh Nagar,Delhi
Zamrudpur,Delhi
Vikaspuri,Delhi
Patel Nagar East,Delhi
Shalimar Bagh,Delhi
Mangolpuri,Delhi
Pahari Dhiraj,Delhi
Matia Mahal,Delhi
Kailash Nagar,Delhi
Islampur,Delhi
Chanakyapuri,Delhi
Chandigarh,Delhi
Jogiwara,Delhi
Rohini,Delhi
Pushpanjali,Delhi
Pusa Road,Delhi
Brahmapuri,Delhi
Ashok Vihar,Delhi
Hari Nagar Ashram,Delhi
Rohini Sector 7,Delhi
Kirti Nagar,Delhi
Shiv Nagar,Delhi
Naharpur,Delhi
Nangal Raya,Delhi
Balbir Nagar,Delhi
Naraina Industrial Area Phase 1,Delhi
Vinod Nagar East,Delhi
Kingsway Camp,Delhi
Janakpuri,Delhi
Sanoth,Delhi
Moti Bagh I,Delhi
Maujpur,Delhi
Abul Fazal Enclave I,Delhi
Rohini Sector 3,Delhi
Alipur,Delhi
Patparganj Industrial Area,Delhi
Idgah Road,Delhi
Noida Sector 5,Delhi
Talkatora Road,Delhi
Ashram,Delhi
Dilshad Colony,Delhi
Najafgarh Road,Delhi
Madangir,Delhi
Dharampura,Delhi
Rohtas Nagar East,Delhi
Loni Road,Delhi
Karol Bagh,Delhi
Barakhamba Road,Delhi
Sirkiwalan,Delhi
Nehru Vihar,Delhi
Pahari,Delhi
Gautam Nagar,Delhi
Rana Pratap Bagh,Delhi
Shakur Pur I Block,Delhi
Noida,Delhi
Tughlakabad Extension,Delhi
Bhola Nath Nagar,Delhi
Krishi Kunj,Delhi
Pratap Market,Delhi
Mehrauli,Delhi
Dwarka Sector 6,Delhi
Nizamuddin,Delhi
Johripur,Delhi
Ina Colony,Delhi
Pragati Vihar,Delhi
Nai Sarak,Delhi
Rajapuri,Delhi
Noida Sector 25,Delhi
Dwarka,Delhi
Khora Colony,Delhi
NDSE,Delhi
Nilothi,Delhi
Palam Extension,Delhi
Sabzi Mandi,Delhi
Khan Market,Delhi
Jhandewalan Road,Delhi
Gurgaon Road,Delhi
Hauz Khas,Delhi
Old Lajpat Rai Market,Delhi
Maidan Garhi,Delhi
Multani Dhanda,Delhi
Neeti Bagh,Delhi
Chanakya Place,Delhi
Geetanjali Enclave,Delhi
Ashok Vihar Phase 2,Delhi
Siraspur,Delhi
Nangloi,Delhi
Najafgarh,Delhi
Sarvodaya Enclave,Delhi
Vasant Kunj,Delhi
Vishwas Nagar,Delhi
Dhansa,Delhi
Sagarpur,Delhi
Sahibabad,Delhi
Green Park Market,Delhi
Anand Niketan,Delhi
Noida Sector 50,Delhi
Indraprastha Extension,Delhi
Zakir Nagar,Delhi
Dilshad Garden,Delhi
Chander Nagar,Delhi
Ramesh Nagar,Delhi
Shaheed Bhagat Singh Colony,Delhi
Central Secretariat,Delhi
Ram Dwara Road,Delhi
Sangam Vihar,Delhi
Greater Kailash I,Delhi
Old Rohtak Road,Delhi
Kaushambi,Delhi
Trilokpuri,Delhi
Nangli Poona,Delhi
Tri Nagar,Delhi
Bawana,Delhi
Tigri,Delhi
Rajouri Garden,Delhi
Jaitpur,Delhi
Noida Sector 38A,Delhi
Madipur Village,Delhi
Subroto Park,Delhi
Kanti Nagar,Delhi
Bhagirath Palace,Delhi
Hari Nagar,Delhi
Dariba Kalan,Delhi
Ashok Nagar,Delhi
Rajouri Garden,Delhi
Golf Links,Delhi
Bhajanpura,Delhi
Mahipalpur Extn,Delhi
Faridabad,Delhi
Laxmi Nagar,Delhi
Jagat Puri,Delhi
Moti Nagar,Delhi
Patparganj,Delhi
Naya Bazar,Delhi
Mansarovar Garden,Delhi
Sadh Nagar,Delhi
Gagan Vihar,Delhi
Shivaji Nagar,Delhi
NDSE Part I,Delhi
Satya Niketan,Delhi
Ber Sarai,Delhi
Shankar Nagar,Delhi
South Extension Part I,Delhi
New Subzi Mandi,Delhi
Rohini Sector 13,Delhi
Khan Market,Delhi
Ghazipur,Delhi
Shakti Nagar,Delhi
Noida Sector 49,Delhi
New Delhi H.O.,Delhi
Badarpur,Delhi
Shakurpur,Delhi
Vijay Nagar,Delhi
Malviya Nagar,Delhi
Tilak Marg,Delhi
Kalkaji Extension,Delhi
Sadiq Nagar,Delhi
Seelampur,Delhi
Janta Market,Delhi
Friends Colony,Delhi
Patel Nagar East,Delhi
Rohini Sector 4,Delhi
Paschim Puri,Delhi
Paschim Vihar,Delhi
Raj Nagar,Delhi
Anand Parbat Industrial Area,Delhi
Mayur Vihar 3,Delhi
New Silampur,Delhi
Khajuri Khas,Delhi
Prahladpur,Delhi
Sarojini Nagar,Delhi
Palam,Delhi
Safdarjung Development Area,Delhi
Pushp Vihar,Delhi
Rajouri Market,Delhi
Patel Garden,Delhi
Manesar,Delhi
S.R.T. Nagar,Delhi
Lal Kuan,Delhi
Ajmeri Gate,Delhi
Poorvi Pitampura,Delhi
Sultanpur,Delhi
Samalkha,Delhi
Adchini,Delhi
S.P. Mukherjee Marg,Delhi
Badli,Delhi
Chawri Bazar,Delhi
Madipur,Delhi
Panchsheel Park,Delhi
Delhi Cantt,Delhi
Fatehpur Beri,Delhi
Alipur,Delhi
Janakpuri,Delhi
Punjabi Bagh East,Delhi
Model Town,Delhi
R.K. Puram,Delhi
Sansad Marg,Delhi
Rohini Sector 14,Delhi
Swasthya Vihar,Delhi
Badarpur,Delhi
Yusuf Sarai,Delhi
New Friends Colony,Delhi
Shakarpur Extension,Delhi
Sahpurjat,Delhi
Green Park,Delhi
Vasant Enclave,Delhi
Qutab Road,Delhi
Jasola Vihar,Delhi
Azad Nagar,Delhi
Nabi Karim,Delhi
Mayapuri Industrial Area,Delhi
IP Extension,Delhi
Lajpat Nagar Part II,Delhi
GT Karnal Road,Delhi
Tronica City,Delhi
Noida Sector 10,Delhi
Safdarjung Enclave,Delhi
Malka Ganj,Delhi
Shalimar Bagh,Delhi
Hakikat Nagar,Delhi
Prem Nagar,Delhi
Khureji Khas,Delhi
Punjabi Bagh,Delhi
Lakshmi Bai Nagar,Delhi
Chuna Mandi,Delhi
Rajiv Nagar,Delhi
Vinod Nagar,Delhi
Greater Kailash,Delhi
Jagjit Nagar,Delhi
Kailash Colony,Delhi
Onkar Nagar,Delhi
Raghubar Pura,Delhi
Baljit Nagar,Delhi
Palam Enclave,Delhi
Pitampura,Delhi
Rajendra Nagar,Delhi
Gadaipur,Delhi
Indira Park,Delhi
Ashok Vihar,Delhi
Hauz Qazi,Delhi
Ashok Vihar Phase 3,Delhi
Dakshinpuri,Delhi
Ghonda Chowk,Delhi
Bhandari,Delhi
Moti Nagar,Delhi
Silampur,Delhi
South Avenue,Delhi
Gandhi Nagar,Delhi
Chhawla,Delhi
Dr. Mukherjee Nagar,Delhi
IGI Airport,Delhi
New Usmanpur,Delhi
Ambedkar Nagar,Delhi
Udyog Nagar,Delhi
Padam Nagar,Delhi
Green Park Extension,Delhi
Vijay Enclave,Delhi
Chirag Dilli,Delhi
Rohini Sector 1,Delhi
Jagjeet Nagar,Delhi
Azadpur,Delhi
Mori Gate,Delhi
Brahmapuri Road,Delhi
Uday Park,Delhi
Meera Bagh,Delhi
Punjabi Bagh West,Delhi
Paschim Vihar,Delhi
Andrews Ganj,Delhi
Civil Lines,Delhi
Mahipalpur,Delhi
Sanjay Colony,Delhi
Noida Sector 61,Delhi
Sarai Julena,Delhi
Rohtak Road,Delhi
Chaukhandi,Delhi
Babarpur,Delhi
Paharganj,Delhi
Patel Nagar,Delhi
Mangolpuri,Delhi
Dayanand Vihar,Delhi
Jeewan Park,Delhi
Okhla Phase 3,Delhi
Vasant Kunj Sector A,Delhi
Hauz Rani,Delhi
Nizamuddin East,Delhi
Mohammad Pur,Delhi
Gurgaon,Delhi
Preet Vihar,Delhi
Keshav Puram,Delhi
Dashrath Puri,Delhi
Moti Bagh South,Delhi
Sukhdev Vihar,Delhi
Sarai Rohilla,Delhi
Beadonpura,Delhi
Lado Sarai,Delhi
Naveen Shahdara,Delhi
Gurudwara Road,Delhi
Bahadur Shah Zafar Marg,Delhi
Mangolpuri Industrial Area Phase 1,Delhi
Parwana Road,Delhi
Khandsa Colony,Delhi
Jasola,Delhi
Himmatpuri,Delhi
Lodi Colony,Delhi
Noida Sector 31,Delhi
Vikas Marg,Delhi
Derawal Nagar,Delhi
Sainik Farm,Delhi
Tughlakabad,Delhi
Bhikaji Cama Place,Delhi
J.J. Colony,Delhi
Jafrabad,Delhi
Ram Nagar,Delhi
Ramgarh,Delhi
Raja Garden,Delhi
Dr Ambedkar Nagar,Delhi
Rangpuri,Delhi
Subhash Nagar,Delhi
East Patel Nagar,Delhi
Janta Market,Delhi
Lajpat Rai Market,Delhi
Narela,Delhi
Najafgarh,Delhi
Asaf Ali Road,Delhi
Ishwar Nagar,Delhi
Turkman Gate,Delhi
Inder Enclave,Delhi
Kapas Hera,Delhi
Mehrauli Badarpur Road,Delhi
Kalkaji,Delhi
Anand Parbat,Delhi
Agcr Enclave,Delhi
Noor Nagar,Delhi
Lodi Road,Delhi
Tilak Nagar,Delhi
Patel Nagar West,Delhi
Sitapuri,Delhi
Railway Road,Delhi
Gulmohar Park,Delhi
Sarojini Nagar,Delhi
G.T.B. Nagar,Delhi
Zakhira,Delhi
Shanti Nagar,Delhi
Vigyan Vihar,Delhi
Mahavir Nagar,Delhi
East of Kailash,Delhi
Savita Vihar,Delhi
Kalyanpuri,Delhi
Mukundpur,Delhi
Defence Colony,Delhi
S.D.A. Market,Delhi
Daryaganj,Delhi
Ambedkar Road,Delhi
Shahdara,Delhi
Old Rajendra Nagar,Delhi
Jahangirpuri,Delhi
Loni,Delhi
Gandhi Nagar,Delhi
Samaypur,Delhi
Vinod Nagar West,Delhi
Islampur,Delhi
Seemapuri Old,Delhi
Kotla Mubarakpur,Delhi
Bengali Market,Delhi
Monda Market,Hyderabad
Falaknuma,Hyderabad
Chikkadpally,Hyderabad
Sanath Nagar,Hyderabad
Film Nagar,Hyderabad
Vivekananda Nagar,Hyderabad
Boduppal,Hyderabad
Chappel Bazaar,Hyderabad
Patel Market,Hyderabad
Old Alwal,Hyderabad
Nallagandla,Hyderabad
Panjagutta,Hyderabad
Kukatpally,Hyderabad
Ramnagar Gundu,Hyderabad
Rashtrapathi Road,Hyderabad
Pratap Nagar,Hyderabad
Mylargadda,Hyderabad
Ibrahimpatnam,Hyderabad
PR Nagar,Hyderabad
Tagarikanaka,Hyderabad
Karwan Sahu,Hyderabad
Ranga Reddy,Hyderabad
Udyog Nagar,Hyderabad
New Hema Nagar,Hyderabad
Nayapul,Hyderabad
Meerpet,Hyderabad
Midhani Quarters,Hyderabad
Liberty,Hyderabad
Kishangunj,Hyderabad
New Boyiguda,Hyderabad
Attapur,Hyderabad
S.P. Road,Hyderabad
Jagadgiri Gutta,Hyderabad
Kanchanbagh,Hyderabad
Vengal Rao Nagar,Hyderabad
Sai Nagar,Hyderabad
Ameerpet,Hyderabad
V.V. Nagar,Hyderabad
East Marredpally,Hyderabad
Raj Bhavan Road,Hyderabad
Dilsukh Nagar,Hyderabad
Santosh Nagar,Hyderabad
Somajiguda,Hyderabad
Himayat Sagar,Hyderabad
Bharat Nagar,Hyderabad
Toli Chowki,Hyderabad
Hafiz Baba Nagar,Hyderabad
Karimnagar,Hyderabad
Fateh Nagar,Hyderabad
Siddiamber Bazar,Hyderabad
Basheerbagh,Hyderabad
Habsiguda,Hyderabad
Gowliguda,Hyderabad
Chanakyapuri,Hyderabad
Rikabgunj,Hyderabad
Vidya Nagar,Hyderabad
Uppal Road,Hyderabad
Syed Nagar,Hyderabad
Gowlipura,Hyderabad
Habsiguda,Hyderabad
Vaishali Nagar,Hyderabad
Narayanguda,Hyderabad
Hyderabad G.P.O.,Hyderabad
Quthbullapur,Hyderabad
Vayupuri,Hyderabad
Narayanguda,Hyderabad
Golconda,Hyderabad
Sitaram Bagh,Hyderabad
Afzalgunj,Hyderabad
Minister Road,Hyderabad
Nanakramguda,Hyderabad
Cyberabad,Hyderabad
Hasmathpet,Hyderabad
Ameerpet,Hyderabad
Vaidehi Nagar,Hyderabad
I.D.A. Jeedimetla,Hyderabad
Masab Tank,Hyderabad
Old Alwal,Hyderabad
Moti Bazaar,Hyderabad
Hyderguda,Hyderabad
Yapral,Hyderabad
Balajinagar,Hyderabad
Gowliguda Chaman,Hyderabad
Guntur,Hyderabad
Ramnaspura,Hyderabad
East Nehru Nagar,Hyderabad
Madannapet,Hyderabad
Humayun Nagar,Hyderabad
Jai Jawahar Nagar,Hyderabad
Aziz Bagh,Hyderabad
Miyapur,Hyderabad
Jambagh,Hyderabad
Saberi Nagar,Hyderabad
Srinagar Colony,Hyderabad
Ananth Nagar,Hyderabad
Ghatkesar,Hyderabad
B.N. Reddy Colony,Hyderabad
Dammaiguda,Hyderabad
Bazar Ghat,Hyderabad
Abids,Hyderabad
Moti Nagar,Hyderabad
Himayat Nagar,Hyderabad
Mallepally,Hyderabad
New bowenpally,Hyderabad
Old Bowenpally,Hyderabad
Karkhana,Hyderabad
Erragadda,Hyderabad
Saidabad,Hyderabad
Nampally,Hyderabad
Rambagh,Hyderabad
Tarnaka,Hyderabad
Secunderabad,Hyderabad
MG Road,Hyderabad
Venkatapuram,Hyderabad
Rahmath Nagar,Hyderabad
Keshogiri,Hyderabad
Machili Kaman,Hyderabad
Karwan,Hyderabad
Basheerbagh,Hyderabad
Tadbund,Hyderabad
Bahadurpura,Hyderabad
Amberpet,Hyderabad
S.D. Road,Hyderabad
Rajendra Nagar,Hyderabad
Shanker Bagh,Hyderabad
Champapet,Hyderabad
Kavadiguda,Hyderabad
Moosabowli,Hyderabad
Alkapuri,Hyderabad
New bowenpally,Hyderabad
Madina,Hyderabad
Nagaram,Hyderabad
Paradise Circle,Hyderabad
Osman Shahi,Hyderabad
Ferozguda,Hyderabad
Prashanth Nagar,Hyderabad
Bowenpally,Hyderabad
Dundigal,Hyderabad
Kingsway,Hyderabad
Vasai,Hyderabad
Red Hills,Hyderabad
Venkateswara Colony,Hyderabad
Aliabad,Hyderabad
Almas Guda,Hyderabad
Kishan Bagh,Hyderabad
Lallaguda,Hyderabad
Putlibowli,Hyderabad
Afzal Gunj,Hyderabad
MG Road,Hyderabad
Tappachabutra,Hyderabad
Nandi Musalaiguda,Hyderabad
Kalyan Nagar,Hyderabad
Malakpet,Hyderabad
Vanasthalipuram,Hyderabad
Palika Bazaar,Hyderabad
Widia Colony,Hyderabad
Saifabad,Hyderabad
Neredmet,Hyderabad
Puranapul,Hyderabad
Beerappagadda,Hyderabad
New Nallakunta,Hyderabad
Chintalkunta,Hyderabad
Lower Tank Bund Road,Hyderabad
Narayanaguda,Hyderabad
Gosha Mahal,Hyderabad
Doodh Bowli,Hyderabad
Madhura Nagar,Hyderabad
A.C. Guards,Hyderabad
Jiyaguda Colony,Hyderabad
Trimulgherry,Hyderabad
Troop Bazar,Hyderabad
Bolarum,Hyderabad
Jangammet,Hyderabad
Uppaguda,Hyderabad
Lal Bahadur Nagar,Hyderabad
Yakutpura,Hyderabad
Katedhanie,Hyderabad
Zia Guda,Hyderabad
Siddartha Nagar,Hyderabad
Chintal,Hyderabad
Premnagar,Hyderabad
Karmanghat,Hyderabad
Jawahar Nagar,Hyderabad
Mangalhat,Hyderabad
Ghansi Bazaar,Hyderabad
Osmangunj,Hyderabad
Ganga Nagar,Hyderabad
Chanchalguda,Hyderabad
Tadbund,Hyderabad
Shaikpet,Hyderabad
Gayathri Nagar,Hyderabad
Feelkhana,Hyderabad
Joshiwada,Hyderabad
Vanasthalipuram,Hyderabad
Nizamabad,Hyderabad
Kurmaguda,Hyderabad
Ramanthapur,Hyderabad
Madinaguda,Hyderabad
Satya Nagar Colony,Hyderabad
BHEL,Hyderabad
Sanjeeva Reddy Nagar,Hyderabad
Vasanth Nagar,Hyderabad
Nanal Nagar,Hyderabad
Charminar,Hyderabad
Humayun Nagar,Hyderabad
Erragadda,Hyderabad
Hayath Nagar,Hyderabad
Pathar Gatti,Hyderabad
Kanajiguda,Hyderabad
Baba Nagar,Hyderabad
Shilparamam,Hyderabad
Malkajgiri,Hyderabad
Osman Nagar,Hyderabad
Moosapet,Hyderabad
Brundavan Nagar,Hyderabad
Ranigunj,Hyderabad
Ram Nagar,Hyderabad
Hyderbasthi,Hyderabad
Langar Houz,Hyderabad
Somajiguda Circle,Hyderabad
Moosapet,Hyderabad
Masab Tank,Hyderabad
Padmarao Nagar,Hyderabad
Bholakpur,Hyderabad
Khairatabad,Hyderabad
Moosabowli,Hyderabad
ICRISAT Colony,Hyderabad
Patancheru,Hyderabad
Himayat Nagar,Hyderabad
Ranga Reddy,Hyderabad
Gandipet,Hyderabad
Koti Road,Hyderabad
Nizampet Road,Hyderabad
Imad Nagar,Hyderabad
Hydershahkote,Hyderabad
Kothaguda,Hyderabad
Shamshabad,Hyderabad
New Malakpet,Hyderabad
Tilak Road,Hyderabad
Troop Bazar,Hyderabad
Dr. A.S. Rao Nagar,Hyderabad
Lingampally,Hyderabad
Old City,Hyderabad
Borabanda,Hyderabad
Kothapet,Hyderabad
Ashok Nagar,Hyderabad
Madhapur,Hyderabad
Azamabad,Hyderabad
Dr. A S Rao Nagar Colony,Hyderabad
Tara Nagar,Hyderabad
Bhavani Nagar,Hyderabad
Dabeerpura,Hyderabad
Manikonda,Hyderabad
Bala Nagar,Hyderabad
Devi Bagh,Hyderabad
S.R. Nagar,Hyderabad
Jeedimetla,Hyderabad
Nimboliadda,Hyderabad
Shamsher Gunj,Hyderabad
Kalyan Nagar Colony,Hyderabad
Mettuguda,Hyderabad
Bala Nagar,Hyderabad
Bapu Nagar,Hyderabad
Chilakalguda,Hyderabad
Mahesh Nagar,Hyderabad
Nallakunta,Hyderabad
Attapur,Hyderabad
Rampallidiara,Hyderabad
RTC X Road,Hyderabad
Saroor Nagar,Hyderabad
Jamia Osmania,Hyderabad
Asif Nagar,Hyderabad
Rasoolpura,Hyderabad
Vikarabad,Hyderabad
JNTU Kukatpally,Hyderabad
Yellareddyguda,Hyderabad
Chaderghat,Hyderabad
Noor Khan Bazaar,Hyderabad
Sanjeeva Reddy Nagar,Hyderabad
Bagh Amberpet,Hyderabad
Kattedan Industrial Estate,Hyderabad
Esamia Bazaar,Hyderabad
Chirag Ali Lane,Hyderabad
Bowenpally,Hyderabad
Bapuji Nagar,Hyderabad
Kushaiguda,Hyderabad
Yousufguda,Hyderabad
Charminar X Road,Hyderabad
Dilshad Nagar,Hyderabad
Visakhapatnam,Hyderabad
Nacharam,Hyderabad
Chintal Basti,Hyderabad
Adikmet,Hyderabad
Trimulgherry,Hyderabad
Golconda Fort,Hyderabad
Gundlapochampally,Hyderabad
Prakash Nagar,Hyderabad
Banjara Nagar,Hyderabad
Miyapur,Hyderabad
Jubilee Hills,Hyderabad
Kapra,Hyderabad
Chikkadpally,Hyderabad
Tappachabutra,Hyderabad
Medchal,Hyderabad
Badangpet,Hyderabad
Necklace Road,Hyderabad
Edi Bazar,Hyderabad
Begumpet,Hyderabad
Tar Bund,Hyderabad
Amberpet,Hyderabad
Huda Colony,Hyderabad
Edi Bazar West,Hyderabad
Sitarampet,Hyderabad
Kothapet,Hyderabad
Moosarambagh,Hyderabad
Nehru Nagar,Hyderabad
Pan Bazaar,Hyderabad
Chatrinaka,Hyderabad
Khairatabad,Hyderabad
South Lallaguda,Hyderabad
Uppal,Hyderabad
Mallapur,Hyderabad
Adda Gutta,Hyderabad
Sanath Nagar,Hyderabad
Karwan,Hyderabad
Shanti Nagar,Hyderabad
Kompally,Hyderabad
Madhavi Nagar,Hyderabad
Saroor Nagar,Hyderabad
Maharaj Gunj,Hyderabad
Siddiamber Bazar,Hyderabad
Brook Bond Colony,Hyderabad
Barkas,Hyderabad
Indira Nagar,Hyderabad
Sadath Nagar,Hyderabad
Gajularamaram,Hyderabad
Moulali,Hyderabad
Bakaram,Hyderabad
Chaitanyapuri,Hyderabad
Zamistanpur,Hyderabad
Moosarambagh,Hyderabad
Vijay Nagar Colony,Hyderabad
Patel Nagar,Hyderabad
Golnaka,Hyderabad
Dilsukh Nagar,Hyderabad
S.R. Nagar,Hyderabad
J P Nagar,Hyderabad
Hussaini Alam,Hyderabad
Chanda Nagar,Hyderabad
Kachiguda,Hyderabad
Bogulkunta,Hyderabad
Nampally Station Road,Hyderabad
R.K. Puram,Hyderabad
Domalguda,Hyderabad
Tilak Road,Hyderabad
Shapur Nagar,Hyderabad
West Marredpally,Hyderabad
King Koti,Hyderabad
S.D. Road,Hyderabad
Hitech City,Hyderabad
Lal Bahadur Nagar,Hyderabad
Jeedimetla,Hyderabad
New Mallepally,Hyderabad
Badi Chowdi,Hyderabad
RTC Colony,Hyderabad
Laad Bazaar,Hyderabad
Kondapur,Hyderabad
Namalagundu,Hyderabad
Tarnaka,Hyderabad
Sikh Village,Hyderabad
Nizampet,Hyderabad
Hafeezpet,Hyderabad
Kapra,Hyderabad
Saipuri Colony,Hyderabad
Ranigunj,Hyderabad
Mir Alam Tank,Hyderabad
Ramkote,Hyderabad
Malakpet Colony,Hyderabad
Ramgopalpet,Hyderabad
Keesara,Hyderabad
Venkateshwara Nagar,Hyderabad
Kushaiguda,Hyderabad
Lothkunta,Hyderabad
Alwal,Hyderabad
Shivam Road,Hyderabad
Hayath Nagar,Hyderabad
St. Marys Road,Hyderabad
Mehboob Nagar,Hyderabad
Mailardevpally,Hyderabad
Sultan Bazar,Hyderabad
Barkatpura,Hyderabad
Gudimalkapur,Hyderabad
Panjagutta,Hyderabad
Karkhana Main Road,Hyderabad
Golconda,Hyderabad
Monda Market,Hyderabad
Vikrampuri Colony,Hyderabad
Tilak Nagar,Hyderabad
Musheerabad,Hyderabad
New Hema Nagar,Hyderabad
Pragathi Nagar,Hyderabad
ECIL,Hyderabad
Gudimalkapur,Hyderabad
Srinagar Colony,Hyderabad
Nacharam,Hyderabad
Koti,Hyderabad
Mir Chowk,Hyderabad
Pot Market,Hyderabad
Begumpet,Hyderabad
Sikh Village Road,Hyderabad
Khilwat,Hyderabad
Charminar X Road,Hyderabad
Lingampally,Hyderabad
Akbar Bagh,Hyderabad
Chandrayangutta,Hyderabad
Chandrayangutta,Hyderabad
Vinayak Nagar,Hyderabad
Begum Bazar,Hyderabad
Chanda Nagar,Hyderabad
Bandlaguda,Hyderabad
Green Hills Colony,Hyderabad
Vikrampuri,Hyderabad
Fateh Darwaza,Hyderabad
Gorakhpur,Hyderabad
Jinnaram,Hyderabad
Somajiguda,Hyderabad
Regimental Bazar,Hyderabad
Lakdi Ka Pul,Hyderabad
Balkampet,Hyderabad
Sainikpuri,Hyderabad
Adarsh Nagar,Hyderabad
Mehdipatnam,Hyderabad
Tirumala Nagar,Hyderabad
Patel Market,Hyderabad
Lal Darwaza,Hyderabad
Badi Chowdi,Hyderabad
Secretariat,Hyderabad
Kukatpally,Hyderabad
Sultan Bazar,Hyderabad
Chaitanyapuri,Hyderabad
Penderghast Road,Hyderabad
Bhudevi Nagar,Hyderabad
A.S. Rao Nagar,Hyderabad
Shah Ali Banda,Hyderabad
Mallepally,Hyderabad
BK Guda,Hyderabad
Langar Houz,Hyderabad
Talab Katta,Hyderabad
Padma Nagar,Hyderabad
Nagole,Hyderabad
Hastinapuram,Hyderabad
Shivaji Nagar,Hyderabad
A.G. Colony,Hyderabad
Surya Nagar Colony,Hyderabad
Buddha Nagar,Hyderabad
Murad Nagar,Hyderabad
Puppalaguda,Hyderabad
Warasiguda,Hyderabad
Kalasiguda,Hyderabad
Serilingampally,Hyderabad
Koti,Hyderabad
Krishna Nagar,Hyderabad
Ravindra Nagar,Hyderabad
Tilak Nagar,Hyderabad
Banjara Hills,Hyderabad
Jubilee Hills,Hyderabad
Bhagya Nagar Colony,Hyderabad
Malakpet,Hyderabad
Saidabad,Hyderabad
Auto Nagar,Hyderabad
Maruthi Nagar,Hyderabad
Shah Ali Banda,Hyderabad
Bilal Nagar,Hyderabad
Tukaram Gate,Hyderabad
Gandhi Nagar,Hyderabad
Jumerat Bazaar,Hyderabad
Toli Chowki,Hyderabad
Marredpally,Hyderabad
Kamalapuri Colony,Hyderabad
Hanuman Tekdi,Hyderabad
Yousufguda,Hyderabad
Balapur,Hyderabad
Musheerabad,Hyderabad
Old Feelkhana,Hyderabad
Char Kaman,Hyderabad
Snehapuri Colony,Hyderabad
Seetharambagh,Hyderabad
Moghalpura,Hyderabad
Hussaini Alam,Hyderabad
ECIL,Hyderabad
Manovikas Nagar,Hyderabad
Chintalmet,Hyderabad
Ibrahim Bagh Lines,Hyderabad
Chudi Bazaar,Hyderabad
Parsigutta,Hyderabad
Charlapally,Hyderabad
Aghapura,Hyderabad
Santosh Nagar,Hyderabad
Lalapet,Hyderabad
Kulsumpura,Hyderabad
Gachibowli,Hyderabad
Subhash Nagar,Hyderabad
Begum Bazar,Hyderabad
Uppuguda,Hyderabad
East Anand Bagh,Hyderabad
Hakimpet,Hyderabad
Puranapool,Hyderabad
Chandulalbaradari,Hyderabad
Chatta Bazaar,Hyderabad
Warasiguda,Hyderabad
Shobana Colony,Hyderabad
Pathar Gatti,Hyderabad
Jillelaguda,Hyderabad
Sindhi Colony,Hyderabad
Jahanuma,Hyderabad
Narayanaguda,Hyderabad
Hyder Nagar,Hyderabad
Nallakunta,Hyderabad
Lakdi Ka Pul,Hyderabad
Sriram Nagar,Hyderabad
Pahadi Shareef,Hyderabad
Gandhi Bazaar,Hyderabad
Shahpur Nagar,Hyderabad
Sitaphalmandi,Hyderabad
Sunder Nagar,Hyderabad
A.S. Rao Nagar,Hyderabad
Nampally,Hyderabad
Karkhana,Hyderabad
Hanamkonda,Hyderabad
Attapur Ring Road,Hyderabad
Hyderabad G.P.O.,Hyderabad
Nizam Bagh,Hyderabad
Ahmed Nagar,Hyderabad
Miralam Mandi,Hyderabad
Safilguda,Hyderabad
Uppal,Hyderabad
Balram Nagar,Hyderabad
Tagarikanaka,Hyderabad
Hari Puri Colony,Hyderabad
Ghansi Bazaar,Hyderabad
Hasan Nagar,Hyderabad
Green Lands,Hyderabad
New Nagole,Hyderabad
Parklane,Hyderabad
Laad Bazaar,Hyderabad
Kachiguda,Hyderabad
Abids,Hyderabad
ECIL X Roads,Hyderabad
Malkajgiri,Hyderabad
Secunderabad,Hyderabad
Dhoolpet,Hyderabad
Shivarampally,Hyderabad
Bazar Ghat,Hyderabad
Sri Krishna Nagar,Hyderabad
Rashtrapathi Road,Hyderabad
Neredmet,Hyderabad
Madhapur,Hyderabad
Char Kaman,Hyderabad
Kavadiguda,Hyderabad
Allwyn Colony,Hyderabad
Charminar,Hyderabad
Chintal,Hyderabad
Attapur Ring Road,Hyderabad
King Koti,Hyderabad
Bagh Lingampally,Hyderabad
K.P.H.B. Colony,Hyderabad
Peerzadiguda,Hyderabad
Karkhana Main Road,Hyderabad
Mehdipatnam,Hyderabad
Banjara Hills,Hyderabad
R.K. Nagar,Hyderabad
Ramachandra Puram,Hyderabad
Old Malakpet,Hyderabad
Lalitabad,Hyderabad
Makita Darwaza Basti,Hyderabad
Srinivasa Nagar,Hyderabad
Hyderguda,Hyderabad
Srinivasa Nagar Colony,Hyderabad
Redhills,Hyderabad
Cherlapally,Hyderabad
Lal Bazaar,Hyderabad
Kala Nagar,Hyderabad
Gaddiannaram,Hyderabad
Vijayawada T.O.,Hyderabad
East Marredpally,Hyderabad
Kulpi,Kolkata
Paschim Putiary,Kolkata
Moulali,Kolkata
Panchberia,Kolkata
Kalighat,Kolkata
Lake View Road,Kolkata
Lenin Sarani,Kolkata
Devi Market,Kolkata
Kathalberia,Kolkata
Tetulbaria,Kolkata
Chowringhee Road,Kolkata
Ushti,Kolkata
Princep Street,Kolkata
Nona Chandanpukur,Kolkata
Madhyamgram,Kolkata
Nawpara,Kolkata
Sodepur,Kolkata
Jadavpur University,Kolkata
Tiretti,Kolkata
Satpukur,Kolkata
Mirhati,Kolkata
Gobardanga,Kolkata
Loudon Street,Kolkata
Parnasri Pally,Kolkata
Haltu,Kolkata
Brace Bridge,Kolkata
Arjunpur,Kolkata
Karanjali Road,Kolkata
Lenin Sarani,Kolkata
Natagarh,Kolkata
Ashok Nagar,Kolkata
Purna Das Road,Kolkata
Gokulpur,Kolkata
Naihati,Kolkata
Haji Lane,Kolkata
East Kolkata Township,Kolkata
Dharmatala,Kolkata
Simulpur,Kolkata
Matiaghata,Kolkata
Rabindra Nath Tagore Road,Kolkata
Kolkata G.P.O.,Kolkata
Lakshmikantapur,Kolkata
Rowland Road,Kolkata
Kachua,Kolkata
Kalikapur,Kolkata
Chandni Chowk,Kolkata
Chandpur,Kolkata
Agarpara,Kolkata
Rabindra Nagar,Kolkata
Chakraberia,Kolkata
MG Road,Kolkata
Ripon Street,Kolkata
Bara Nagar,Kolkata
Raja Bazaar,Kolkata
Kankinara,Kolkata
Narendrapur,Kolkata
Park Circus,Kolkata
Rudrapur,Kolkata
Gaighata,Kolkata
M.G. Road,Kolkata
College Street,Kolkata
Ballavpur,Kolkata
Mayapur,Kolkata
Haripur,Kolkata
Bara Bazaar H.O.,Kolkata
Cossipore,Kolkata
Canal Circular Road,Kolkata
A.P.C. Roy Road,Kolkata
Jatin Das Park,Kolkata
Sukea Street,Kolkata
Tollygunge,Kolkata
Akrampur,Kolkata
Nayapally,Kolkata
Taltala,Kolkata
Gariahat,Kolkata
Barrackpore Trunk Road,Kolkata
Nilganj Bazar,Kolkata
NS Road,Kolkata
Deganga,Kolkata
Golf Green,Kolkata
Shakespeare Sarani,Kolkata
Belgharia,Kolkata
A.C. Sarkar Road,Kolkata
Behala,Kolkata
New Town,Kolkata
Anandapur,Kolkata
Elgin,Kolkata
Dakshin Jagatdal,Kolkata
Hridaypur,Kolkata
Amherst Street,Kolkata
Netaji Subhas Road,Kolkata
Bata Nagar,Kolkata
B.T. Road,Kolkata
Noapara,Kolkata
Narkeldanga,Kolkata
Mall Road,Kolkata
Dalhousie,Kolkata
Taldi,Kolkata
Jyangra,Kolkata
Kolkatta Mint,Kolkata
Raghunathpur,Kolkata
Barrackpore,Kolkata
Circus Avenue,Kolkata
Park Street,Kolkata
NSC Bose Road,Kolkata
Elgin Road,Kolkata
Sova Bazaar,Kolkata
Kanchrapara,Kolkata
N.S.C. Bose Road,Kolkata
Ashutosh Mukherjee Road,Kolkata
Thakurnagar,Kolkata
Dum Dum Cantonment,Kolkata
Kalighat Road,Kolkata
Kashipur,Kolkata
Poddar Nagar,Kolkata
Zakaria Street,Kolkata
Sirity,Kolkata
Chowringhee,Kolkata
Shyam Bazaar,Kolkata
Pailan,Kolkata
Barisha,Kolkata
Ghusuri,Kolkata
Chak Garia,Kolkata
Lake Gardens,Kolkata
Basirhat,Kolkata
Badu,Kolkata
Hatkhola,Kolkata
Bortola,Kolkata
Dhapa,Kolkata
Hatiara,Kolkata
Faria Pukur,Kolkata
Krishnapur,Kolkata
South Eastern Railway,Kolkata
Jafarpur,Kolkata
Sangrampur Station Road,Kolkata
Akandakeshari,Kolkata
Brahmapur,Kolkata
Bhowanipore,Kolkata
Talpukur Road,Kolkata
Council House Street,Kolkata
B.L. Saha Road,Kolkata
Sarat Bose Road,Kolkata
Bow Bazar,Kolkata
Acharya Jagadish Chandra Bose Road,Kolkata
Pandit Satghara,Kolkata
M.G. Road,Kolkata
Jadavpur East Road,Kolkata
Uttarpara,Kolkata
Madhyamgram,Kolkata
Mondalpara,Kolkata
Sahararhat,Kolkata
Panchpota,Kolkata
New Market,Kolkata
Sinthee More,Kolkata
Beadon Street,Kolkata
Hooghly,Kolkata
Lal Bazar,Kolkata
Kashinathpur,Kolkata
Gobinda Khatick Road,Kolkata
Joka,Kolkata
Rabindra Sarani,Kolkata
Beleghata,Kolkata
New Barrakpur,Kolkata
Amberia,Kolkata
Laskarpur,Kolkata
Deshbandhu Nagar,Kolkata
Amgachia,Kolkata
Dum Dum,Kolkata
Tollygunge Circular Road,Kolkata
Ultadanga,Kolkata
Budge Budge,Kolkata
Gotra,Kolkata
Naktala,Kolkata
Gopalpur,Kolkata
Diamond Harbour Road,Kolkata
EM Bypass,Kolkata
Bangur Avenue,Kolkata
Panchanantala,Kolkata
Garden Reach,Kolkata
Raja Rammohan Roy Sarani,Kolkata
Bonhooghly,Kolkata
Thakurpukur,Kolkata
Esplanade,Kolkata
Bantala,Kolkata
Ghosh Para,Kolkata
Bakultala,Kolkata
Gol Park,Kolkata
Middleton Row,Kolkata
MG Road,Kolkata
Netaji Nagar,Kolkata
Hingalganj,Kolkata
Bidhan Sarani,Kolkata
Bara Bazaar H.O.,Kolkata
Ho Chi Minh Sarani,Kolkata
Ekdalia,Kolkata
Nimta,Kolkata
Tentulia,Kolkata
Bow Barracks,Kolkata
Shankharitola,Kolkata
Radha Bazaar,Kolkata
Majhipara,Kolkata
Deshapriya Park,Kolkata
Sinthee,Kolkata
Camac Street,Kolkata
Ultadanga,Kolkata
Kalabagan,Kolkata
Basudevpur Colony,Kolkata
Rani Kuthi,Kolkata
Kalyani,Kolkata
D.L. Roy Street,Kolkata
Kalibari Road,Kolkata
Howrah,Kolkata
Michael Nagar,Kolkata
Baguiati,Kolkata
Bankura,Kolkata
Girish Park,Kolkata
Motijhil,Kolkata
Southern Avenue,Kolkata
Bangaon,Kolkata
Behala,Kolkata
Regent Estate,Kolkata
A.P.C. Roy Road,Kolkata
Santoshpur,Kolkata
Beck Bagan,Kolkata
Habra,Kolkata
Taki,Kolkata
Sarsuna,Kolkata
Rash Behari Avenue,Kolkata
Nagar Bazaar,Kolkata
Shibrampur Mauza,Kolkata
Sreebhumi Pukur,Kolkata
Ballygunge,Kolkata
Rathtala Namkhana Road,Kolkata
Belur Math,Kolkata
Minto Park,Kolkata
Maniktala,Kolkata
Nischinta Pur,Kolkata
Netaji Subhas Chandra Bose Road,Kolkata
G.I.P. Colony,Kolkata
Chakpara,Kolkata
Banamalipur,Kolkata
Bara Bazar,Kolkata
Hasnabad,Kolkata
Sarkarpool,Kolkata
Khardah,Kolkata
Barabankra,Kolkata
Gupta Colony,Kolkata
Tangra,Kolkata
Strand Road,Kolkata
Lake Market,Kolkata
Amar Basu Sarani,Kolkata
Bidhangarh,Kolkata
Banstala Lane,Kolkata
K.G. Bose Sarani,Kolkata
Ballygunge,Kolkata
Ganguly Bagan,Kolkata
Bartala,Kolkata
Vivekananda Pally,Kolkata
Beraberia,Kolkata
Kaikhali,Kolkata
Patipukur,Kolkata
V.I.P. Nagar,Kolkata
Weston Street,Kolkata
Fort William,Kolkata
Sodepur,Kolkata
Kankurgachi,Kolkata
Duttapukur,Kolkata
Paikpara,Kolkata
Jorabagan,Kolkata
Phool Bagan,Kolkata
Ghughudanga,Kolkata
Gopal Nagar,Kolkata
S B Road,Kolkata
Jawaharlal Nehru Road,Kolkata
Tala,Kolkata
Canning Street,Kolkata
Patuli,Kolkata
Bediapara,Kolkata
Linton Street,Kolkata
Garia,Kolkata
Ekbalpore,Kolkata
Gouranganagar,Kolkata
Amtala,Kolkata
Santoshpur Avenue,Kolkata
Purbachal,Kolkata
Lala Lajpat Rai Sarani,Kolkata
Bansdroni,Kolkata
Alipore,Kolkata
Vivekananda Road,Kolkata
Gol Park,Kolkata
Lindsay,Kolkata
Subhasgram,Kolkata
Dharmatala,Kolkata
Lindsay,Kolkata
Burdwan,Kolkata
Italgacha,Kolkata
Prince Anwar Shah Road,Kolkata
Belgachia,Kolkata
lake-town,Kolkata
Nawabganj,Kolkata
Gariahat Road,Kolkata
Rahara,Kolkata
Baliadanga,Kolkata
Breadon Street,Kolkata
Kasba Indl Estate,Kolkata
Hatibagan,Kolkata
Bidhan Nagar,Kolkata
Sarisha,Kolkata
Shibtala,Kolkata
Dobson Road,Kolkata
Belghoria,Kolkata
Nabapally,Kolkata
Rajpur,Kolkata
Nandan Nagar,Kolkata
Birati,Kolkata
Canning,Kolkata
Jalabaria,Kolkata
Ezra Street,Kolkata
Bagnan,Kolkata
Fatehpur,Kolkata
Golabari Bazaar,Kolkata
Maheshtala,Kolkata
Badartala,Kolkata
Jessore Road,Kolkata
South 24 Parganas,Kolkata
Rai Bahadur Road,Kolkata
Surya Sen Street,Kolkata
Kankurgachi,Kolkata
Batanagar,Kolkata
Ramchandrapur,Kolkata
Sech Bhavan,Kolkata
DH Road,Kolkata
Harish Mukherjee Road,Kolkata
Mathurapur,Kolkata
Kestopur,Kolkata
Purba Putiary,Kolkata
China Bazaar,Kolkata
Lake Road,Kolkata
Chitpur,Kolkata
Baruipur,Kolkata
Motijheel,Kolkata
Kolkata Airport,Kolkata
Bosepukur Road,Kolkata
Baguiati,Kolkata
Kalakar Street,Kolkata
Alam Bazar,Kolkata
Jagannathpur,Kolkata
Haridebpur,Kolkata
Ghoshpur,Kolkata
Machuabazar,Kolkata
Hatibagan,Kolkata
Topsia,Kolkata
Jadavpur,Kolkata
Jorashanko,Kolkata
Sethbagan,Kolkata
Pathar Pratima,Kolkata
Anandamath,Kolkata
Garulia,Kolkata
Paddapukur Lane,Kolkata
Harishpur,Kolkata
Amaragori,Kolkata
Hazra,Kolkata
Kakdwip,Kolkata
Anandanagar,Kolkata
Gokhale Road,Kolkata
Ballygunge Phari,Kolkata
Elliot Road,Kolkata
Abhoy Guha Road,Kolkata
Russel Street,Kolkata
Beniapukur,Kolkata
Satchashipara,Kolkata
Kodalla,Kolkata
Brabourne Road,Kolkata
Lala Lajpat Rai Sarani,Kolkata
Tiljala,Kolkata
Sahapur,Kolkata
Major Arterial Road,Kolkata
Beliaghata,Kolkata
Shyam Bazaar,Kolkata
VIP Nagar,Kolkata
Talpukur,Kolkata
Durganagar,Kolkata
Akash Kanan,Kolkata
Sonarpur,Kolkata
Kalitala,Kolkata
Middleton Street,Kolkata
Gariahat,Kolkata
Lake Gardens,Kolkata
Dhakuria,Kolkata
College Square,Kolkata
Abdalpur,Kolkata
Bhowanipore,Kolkata
Chittaranjan Avenue,Kolkata
Mahatma Gandhi Road,Kolkata
Bandel,Kolkata
Sealdah,Kolkata
Shyam Nagar,Kolkata
Bongaon,Kolkata
Baneswarpur,Kolkata
Madhabpur,Kolkata
Sarani Rarsibagan,Kolkata
Garia,Kolkata
Regent Park,Kolkata
Entally,Kolkata
B.B.D. Bagh,Kolkata
Champahati,Kolkata
Thakurpukur,Kolkata
Talbagan Lane,Kolkata
C.I.T. Road,Kolkata
Kidderpore,Kolkata
W.B. Governors Camp,Kolkata
Kamarhati,Kolkata
A.J.C. Bose Road,Kolkata
Taratala,Kolkata
Mirza Ghalib Street,Kolkata
Gobindapur,Kolkata
Ganga Nagar,Kolkata
Haldar Para lane,Kolkata
Jorabagan Road,Kolkata
Kazipara,Kolkata
Ekbalpur,Kolkata
Rash Behari Avenue,Kolkata
Natagarh,Kolkata
Rabindra Sadan,Kolkata
Maidan,Kolkata
Barrackpore,Kolkata
Lake Town,Kolkata
Desh Bandhu Nagar,Kolkata
Maheshtala,Kolkata
Khidderpore,Kolkata
Shobha Bazaar,Kolkata
Kamda Hari,Kolkata
Paltapara,Kolkata
Jagatdal,Kolkata
Lansdowne,Kolkata
Salt Lake City,Kolkata
Guma,Kolkata
Bijoyganj Bazar,Kolkata
Haroa,Kolkata
Picnic Garden,Kolkata
New Alipore,Kolkata
Atghara,Kolkata
Motiganj,Kolkata
Kasba,Kolkata
Basanti,Kolkata
Ajay Nagar,Kolkata
Malikapur,Kolkata
Bijoygarh,Kolkata
Dakshineswar,Kolkata
Ariadaha,Kolkata
Khulna,Kolkata
Bentinck Street,Kolkata
Sandeshkhali,Kolkata
Baghajatin,Kolkata
Panchasayar,Kolkata
Naskarpur,Kolkata
Banipur,Kolkata
Pollock Street,Kolkata
Durgapur,Kolkata
Dakshin Shibganj Road,Kolkata
Jhowtala,Kolkata
Circular Road,Kolkata
V.I.P. Road,Kolkata
Andul Mouri,Kolkata
Intally,Kolkata
Bhawanipur,Kolkata
Rajarhat,Kolkata
Mukundapur,Kolkata
Mahatma Gandhi Road,Kolkata
Sarkarpool,Kolkata
Kanya Nagar,Kolkata
Bentinck Street,Kolkata
Bagbazar,Kolkata
Rajnagar,Kolkata
Jodhpur Park,Kolkata
Aswini Nagar,Kolkata
Tagore Nagar,Mumbai
Nagpada,Mumbai
Palghar,Mumbai
Vile Parle East,Mumbai
Thane West,Mumbai
Orlem,Mumbai
Ulhasnagar,Mumbai
Andheri East,Mumbai
Aarey Milk Colony,Mumbai
Dhobi Talao,Mumbai
Mulund West,Mumbai
Marol Bazar,Mumbai
Arya Nagar,Mumbai
Mumbra,Mumbai
S. Savarkar Marg,Mumbai
Mitha Nagar,Mumbai
Mulund,Mumbai
Mulund East,Mumbai
Mumbadevi,Mumbai
Bassein Road,Mumbai
Chinchpokli East,Mumbai
Deonar,Mumbai
Mandapeshwar,Mumbai
Grant Road,Mumbai
Satiwai,Mumbai
Bhandup East,Mumbai
M.G. Road,Mumbai
Ghatkopar West,Mumbai
Rabale,Mumbai
Mohammed Ali Road,Mumbai
Veer Savarkar Marg,Mumbai
Dahisar East,Mumbai
Haji Ali,Mumbai
Masjid Bunder West,Mumbai
Ghodbunder Road,Mumbai
Liberty Garden,Mumbai
Hughes Road,Mumbai
Fanas Wadi,Mumbai
Ambernath East,Mumbai
Bhuleswar,Mumbai
Mira,Mumbai
Naupada,Mumbai
Dharavi,Mumbai
Apollo Bunder,Mumbai
Mumbai Central,Mumbai
Sahar Village,Mumbai
Kalyan West,Mumbai
Gamdevi,Mumbai
Anand Nagar,Mumbai
Thakurli,Mumbai
Motilal Nagar,Mumbai
Breach Candy,Mumbai
Bangur Nagar,Mumbai
Jogeshwari,Mumbai
Andheri West,Mumbai
Napean Sea Road,Mumbai
Ballard Estate,Mumbai
Bane Compound,Mumbai
Dharavi,Mumbai
Jacob Circle,Mumbai
Kandivali West,Mumbai
Upper Govind Nagar,Mumbai
Vashi,Mumbai
Dadar West,Mumbai
Sakinaka,Mumbai
Mandvi,Mumbai
Vashi,Mumbai
Dahisar West,Mumbai
Jogeshwari West,Mumbai
Mahape,Mumbai
Santosh Nagar,Mumbai
Dadar East,Mumbai
Mazgaon,Mumbai
Navi Mumbai,Mumbai
Dunge,Mumbai
Marine Lines,Mumbai
Khar West,Mumbai
Madh,Mumbai
Mira Road,Mumbai
Sindhu Wadi,Mumbai
Kandivali,Mumbai
Pratiksha Nagar,Mumbai
Vile Parle West,Mumbai
Kopar Khairane,Mumbai
Matunga,Mumbai
Mandvi,Mumbai
Umerkhadi,Mumbai
Maulana Azad Road,Mumbai
Dombivali East,Mumbai
Raigarh,Mumbai
Chirner,Mumbai
Sewri,Mumbai
Dadar East,Mumbai
Bandra,Mumbai
Kala Ghoda,Mumbai
Kalbadevi,Mumbai
Kanjur Marg West,Mumbai
Khar East,Mumbai
Kandivali,Mumbai
Jacob Circle,Mumbai
Gokul Nagar,Mumbai
Goregaon,Mumbai
Airoli,Mumbai
Mumbai Central,Mumbai
Raigad,Mumbai
Parel,Mumbai
Virar East,Mumbai
Asvini,Mumbai
Ambarje,Mumbai
Anand Estate,Mumbai
Worli,Mumbai
Akola,Mumbai
Kokan Bhavan,Mumbai
B.A.R.C,Mumbai
Sahakar Road,Mumbai
Santacruz East,Mumbai
BDD Chawl,Mumbai
Tardeo,Mumbai
Cheul Wadi,Mumbai
Malabar Hill,Mumbai
Powai,Mumbai
Goregaon East,Mumbai
S.N. Dubey Road,Mumbai
Shivaji Nagar,Mumbai
Chandansar,Mumbai
Vasai,Mumbai
A. Gandhi Marg,Mumbai
Gulalwadi,Mumbai
Worli,Mumbai
Ambernath West,Mumbai
Matunga,Mumbai
Churchgate,Mumbai
Vasind,Mumbai
Mhada Colony,Mumbai
Cuffe Parade,Mumbai
Malad West,Mumbai
Juhu,Mumbai
Elphinstone West,Mumbai
Virar,Mumbai
Govandi,Mumbai
Badlapur,Mumbai
Peddar Road,Mumbai
Ulhasnagar,Mumbai
Bhandup West,Mumbai
Vikhroli West,Mumbai
Charkop,Mumbai
Jogeshwari West,Mumbai
Captain Prakash Pethe Marg,Mumbai
Napean Sea Road,Mumbai
Sonale,Mumbai
Thane,Mumbai
Goregaon West,Mumbai
Santacruz East,Mumbai
Bandra,Mumbai
Acharya Atre Nagar,Mumbai
Kalyan,Mumbai
Ghansoli,Mumbai
Malad East,Mumbai
Lower parel,Mumbai
Panvel,Mumbai
Vidyavihar East,Mumbai
Lalbaug,Mumbai
Sion,Mumbai
Masjid Bunder West,Mumbai
Ghodbunder Road,Mumbai
Narayan Dabholkar Marg,Mumbai
Malad,Mumbai
Shastri Nagar,Mumbai
Juinagar,Mumbai
Cuffe Parade,Mumbai
Prabhadevi,Mumbai
Prabhadevi,Mumbai
Ambernath,Mumbai
Balkum,Mumbai
Kharghar,Mumbai
Lower Parel,Mumbai
Versova,Mumbai
Sunder Nagar,Mumbai
Gowalia Tank,Mumbai
Elphinstone West,Mumbai
Bhandup East,Mumbai
Kamathipura,Mumbai
Taloja,Mumbai
Kokan Nagar,Mumbai
Charni Road,Mumbai
Parel,Mumbai
New Panvel West,Mumbai
Uran,Mumbai
Andheri,Mumbai
Cumbala Hill,Mumbai
Kalyan,Mumbai
Babulnath,Mumbai
B.P. Lane,Mumbai
Virar East,Mumbai
Nerul,Mumbai
Saibaba Nagar,Mumbai
Bandra East,Mumbai
L.B.S. Marg,Mumbai
Malvani,Mumbai
Masjid Bunder East,Mumbai
Andad,Mumbai
Kurla West,Mumbai
Bandra West,Mumbai
Byculla,Mumbai
Vasai West,Mumbai
Chedda Nagar,Mumbai
Shanti Nagar,Mumbai
Mahalakshmi Nagar,Mumbai
MIDC,Mumbai
Prem Nagar,Mumbai
Thane East,Mumbai
Kamothe,Mumbai
Mankhurd,Mumbai
Girgaon,Mumbai
Chakala,Mumbai
Cumbala Hill,Mumbai
Zalawad Nagar,Mumbai
Kandivali East,Mumbai
Warden Road,Mumbai
Ram Nagar,Mumbai
Vile Parle,Mumbai
Mahim West,Mumbai
Shahapur,Mumbai
J.C.I.E. Kamothe,Mumbai
Diva East,Mumbai
Andheri East,Mumbai
Charkop,Mumbai
Dombivali East,Mumbai
Jogeshwari East,Mumbai
Vasai East,Mumbai
Vikhroli East,Mumbai
I.R.L.A.,Mumbai
Nanapur,Mumbai
Mahalaxmi,Mumbai
Vile Parle East,Mumbai
Manpada,Mumbai
Malad East,Mumbai
Vaikunthlal Mehta Road,Mumbai
Khar West,Mumbai
Borivali West,Mumbai
Mazgaon,Mumbai
Bhayander East,Mumbai
Bhadran Nagar,Mumbai
Masjid Bunder,Mumbai
Lokhandwala,Mumbai
Khada Colony,Mumbai
Ganeshpuri,Mumbai
Chakala,Mumbai
Panch Pakhadi,Mumbai
Sewri,Mumbai
Lower Parel West,Mumbai
Dhobi Talao,Mumbai
Kumbharwada,Mumbai
Chembur,Mumbai
Borivali West,Mumbai
Poonam Nagar,Mumbai
Goregaon West,Mumbai
Dombivali,Mumbai
Khopoli,Mumbai
Wadala,Mumbai
Chondhe Colony,Mumbai
C.B.D. Belapur,Mumbai
Gorai,Mumbai
Bhoisar,Mumbai
Dana Bandar,Mumbai
Saphale,Mumbai
Vikhroli East,Mumbai
Ashok Nagar,Mumbai
Mulund West,Mumbai
Dhanoshi,Mumbai
Navi Mumbai,Mumbai
Madh,Mumbai
Thane West,Mumbai
Navghar,Mumbai
Kalher,Mumbai
Vasant Nagar,Mumbai
Kherwadi,Mumbai
Kalachowki,Mumbai
Sarvodaya Nagar,Mumbai
Kamathipura,Mumbai
Padma Nagar,Mumbai
S.V.P. Road,Mumbai
Mascarenhas Road,Mumbai
Khar Danda,Mumbai
Titwala,Mumbai
Dombivali West,Mumbai
Fort,Mumbai
Kanjur Marg East,Mumbai
Kalamboli,Mumbai
Jawahar Nagar,Mumbai
Kurla,Mumbai
Khardi,Mumbai
Virar West,Mumbai
Ambewadi,Mumbai
Maroshi,Mumbai
Juhu,Mumbai
Boisar West,Mumbai
Thane Belapur Road,Mumbai
Vasai West,Mumbai
Bhandup West,Mumbai
Virar West,Mumbai
Byculla East,Mumbai
Wadala East,Mumbai
Aarey Road,Mumbai
Thakurdwar,Mumbai
Kalyan West,Mumbai
Ghatkopar East,Mumbai
Vasai,Mumbai
Dombivali West,Mumbai
Borivali,Mumbai
Wadia Colony,Mumbai
Antop Hill,Mumbai
Colaba,Mumbai
Powai,Mumbai
Virar,Mumbai
Malabar Hill,Mumbai
Sanpada,Mumbai
Thane,Mumbai
Kapad Bazar,Mumbai
Khardi,Mumbai
Tardeo,Mumbai
Kandivali West,Mumbai
Tilak Nagar,Mumbai
Akkarpatti,Mumbai
Wadala West,Mumbai
Seawoods,Mumbai
Altamount Road,Mumbai
Santacruz West,Mumbai
Churchgate,Mumbai
Pydhonie,Mumbai
Naik Wadi,Mumbai
Trombay,Mumbai
Delisle Road,Mumbai
Vile Parle,Mumbai
Sion West,Mumbai
Kandivali East,Mumbai
Bhat Bazar,Mumbai
Dadar,Mumbai
Sakinaka,Mumbai
August Kranti Marg,Mumbai
Azad Nagar,Mumbai
Lalbaug,Mumbai
Chembur,Mumbai
Mahim,Mumbai
Opera House,Mumbai
Marine Lines,Mumbai
Sheetal Nagar,Mumbai
Medhi,Mumbai
Ghansoli,Mumbai
Nalasopara,Mumbai
Nalasopara West,Mumbai
Kalbadevi,Mumbai
Kalina,Mumbai
Jagdusha Nagar,Mumbai
Mahape,Mumbai
Masjid Bunder,Mumbai
Kelwa Road,Mumbai
B.P. Road,Mumbai
Sion,Mumbai
Bhuleswar,Mumbai
Badlapur East,Mumbai
Agripada,Mumbai
Vikhroli,Mumbai
Byculla East,Mumbai
Majithia Nagar,Mumbai
Dombivali,Mumbai
Subhash Nagar,Mumbai
Nalasopara,Mumbai
I.C. Colony,Mumbai
Govind Nagar,Mumbai
Vidhyavihar West,Mumbai
Wagle,Mumbai
N.M. Joshi Marg,Mumbai
Chimbipada,Mumbai
Bhayander West,Mumbai
Charni Road,Mumbai
Dadar West,Mumbai
Bhatane,Mumbai
Grant Road,Mumbai
Pali Hill,Mumbai
Borivali East,Mumbai
Mira Road,Mumbai
Alonde,Mumbai
Karol Bagh,Mumbai
Vile Parle West,Mumbai
Nerul,Mumbai
Jogeshwari,Mumbai
Bhayander West,Mumbai
Ambernath South,Mumbai
Rajiv Gandhi Nagar,Mumbai
Rankol,Mumbai
Senapati Bapat Marg,Mumbai
Tembhode,Mumbai
Gandhi Nagar,Mumbai
Airoli,Mumbai
Bhiwandi,Mumbai
Nalasopara East,Mumbai
Naigaon,Mumbai
Kurla East,Mumbai
Kalwa,Mumbai
Gokhale Road,Mumbai
Abdul Rehman Street,Mumbai
New Link Road,Mumbai
Andheri West,Mumbai
Gaikwad Nagar,Mumbai
Boisar West,Mumbai
Navy Nagar,Mumbai
Mahavir Nagar,Mumbai
Mahakali Mandir Road,Mumbai
Govandi,Mumbai
Wadala West,Mumbai
Ashok Nagar,Mumbai
Bhayander,Mumbai
Colaba,Mumbai
Chinchpokli,Mumbai
Sion West,Mumbai
Dadar,Mumbai
Kolhapur,Mumbai
Wagle Industrial Estate,Mumbai
Ambernath,Mumbai
Mumbra,Mumbai
Oshiwara,Mumbai
Azad Nagar,Mumbai
Panvel,Mumbai
Bandra West,Mumbai
Kurla West,Mumbai
Lower Parel,Mumbai
Udyog Nagar,Mumbai
Mahim West,Mumbai
Matunga West,Mumbai
Vadgadi,Mumbai
Chunabhatti,Mumbai
Subhash Road,Mumbai
Jogeshwari East,Mumbai
Nariman Point,Mumbai
Lohar Chawl,Mumbai
Kalachowki,Mumbai
Turbhe,Mumbai
Khada Colony,Mumbai
Jai Jawan Nagar,Mumbai
Goregaon East,Mumbai
Chinch Bunder,Mumbai
Old Panvel,Mumbai
S.V. Road,Mumbai
Adarsh Nagar,Mumbai
Naupada,Mumbai
Pydhonie,Mumbai
Borivali,Mumbai
Ghatkopar East,Mumbai
Wadala,Mumbai
Daighar Gaon,Mumbai
Ranade Road,Mumbai
Powai,Mumbai
Badlapur,Mumbai
Bhulabhai Desai Road,Mumbai
Kalyan East,Mumbai
Mira Bhayandar,Mumbai
RCF Colony,Mumbai
D.N. Road,Mumbai
Ghatkopar West,Mumbai
Bhatsanagar,Mumbai
Fort,Mumbai
Link Road,Mumbai
Malad West,Mumbai
Dahisar East,Mumbai
Noor Baug,Mumbai
Kopar Khairane,Mumbai
Katemanivali,Mumbai
Bassein Road,Mumbai
New Panvel East,Mumbai
C.B.D. Belapur,Mumbai
Borivali East,Mumbai
Malad,Mumbai
Girgaon,Mumbai
Santacruz West,Mumbai
M.G. Road,Mumbai
Panjarpole,Mumbai
Dahanu,Mumbai
Bhiwandi,Mumbai
