Tagore Nagar,Mumbai
Nagpada,Mumbai
Palghar,Mumbai
Vile Parle East,Mumbai
Thane West,Mumbai
Orlem,Mumbai
Ulhasnagar,Mumbai
Andheri East,Mumbai
Aarey Milk Colony,Mumbai
Dhobi Talao,Mumbai
Mulund West,Mumbai
Marol Bazar,Mumbai
Arya Nagar,Mumbai
Mumbra,Mumbai
S. Savarkar Marg,Mumbai
Mitha Nagar,Mumbai
Mulund,Mumbai
Mulund East,Mumbai
Mumbadevi,Mumbai
Bassein Road,Mumbai
Chinchpokli East,Mumbai
Deonar,Mumbai
Mandapeshwar,Mumbai
Grant Road,Mumbai
Satiwai,Mumbai
Bhandup East,Mumbai
M.G. Road,Mumbai
Ghatkopar West,Mumbai
Rabale,Mumbai
Mohammed Ali Road,Mumbai
Veer Savarkar Marg,Mumbai
Dahisar East,Mumbai
Haji Ali,Mumbai
Masjid Bunder West,Mumbai
Ghodbunder Road,Mumbai
Liberty Garden,Mumbai
Hughes Road,Mumbai
Fanas Wadi,Mumbai
Ambernath East,Mumbai
Bhuleswar,Mumbai
Mira,Mumbai
Naupada,Mumbai
Dharavi,Mumbai
Apollo Bunder,Mumbai
Mumbai Central,Mumbai
Sahar Village,Mumbai
Kalyan West,Mumbai
Gamdevi,Mumbai
Anand Nagar,Mumbai
Thakurli,Mumbai
Motilal Nagar,Mumbai
Breach Candy,Mumbai
Bangur Nagar,Mumbai
Jogeshwari,Mumbai
Andheri West,Mumbai
Napean Sea Road,Mumbai
Ballard Estate,Mumbai
Bane Compound,Mumbai
Dharavi,Mumbai
Jacob Circle,Mumbai
Kandivali West,Mumbai
Upper Govind Nagar,Mumbai
Vashi,Mumbai
Dadar West,Mumbai
Sakinaka,Mumbai
Mandvi,Mumbai
Vashi,Mumbai
Dahisar West,Mumbai
Jogeshwari West,Mumbai
Mahape,Mumbai
Santosh Nagar,Mumbai
Dadar East,Mumbai
Mazgaon,Mumbai
Navi Mumbai,Mumbai
Dunge,Mumbai
Marine Lines,Mumbai
Khar West,Mumbai
Madh,Mumbai
Mira Road,Mumbai
Sindhu Wadi,Mumbai
Kandivali,Mumbai
Pratiksha Nagar,Mumbai
Vile Parle West,Mumbai
Kopar Khairane,Mumbai
Matunga,Mumbai
Mandvi,Mumbai
Umerkhadi,Mumbai
Maulana Azad Road,Mumbai
Dombivali East,Mumbai
Raigarh,Mumbai
Chirner,Mumbai
Sewri,Mumbai
Dadar East,Mumbai
Bandra,Mumbai
Kala Ghoda,Mumbai
Kalbadevi,Mumbai
Kanjur Marg West,Mumbai
Khar East,Mumbai
Kandivali,Mumbai
Jacob Circle,Mumbai
Gokul Nagar,Mumbai
Goregaon,Mumbai
Airoli,Mumbai
Mumbai Central,Mumbai
Raigad,Mumbai
Parel,Mumbai
Virar East,Mumbai
Asvini,Mumbai
Ambarje,Mumbai
Anand Estate,Mumbai
Worli,Mumbai
Akola,Mumbai
Kokan Bhavan,Mumbai
B.A.R.C,Mumbai
Sahakar Road,Mumbai
Santacruz East,Mumbai
BDD Chawl,Mumbai
Tardeo,Mumbai
Cheul Wadi,Mumbai
Malabar Hill,Mumbai
Powai,Mumbai
Goregaon East,Mumbai
S.N. Dubey Road,Mumbai
Shivaji Nagar,Mumbai
Chandansar,Mumbai
Vasai,Mumbai
A. Gandhi Marg,Mumbai
Gulalwadi,Mumbai
Worli,Mumbai
Ambernath West,Mumbai
Matunga,Mumbai
Churchgate,Mumbai
Vasind,Mumbai
Mhada Colony,Mumbai
Cuffe Parade,Mumbai
Malad West,Mumbai
Juhu,Mumbai
Elphinstone West,Mumbai
Virar,Mumbai
Govandi,Mumbai
Badlapur,Mumbai
Peddar Road,Mumbai
Ulhasnagar,Mumbai
Bhandup West,Mumbai
Vikhroli West,Mumbai
Charkop,Mumbai
Jogeshwari West,Mumbai
Captain Prakash Pethe Marg,Mumbai
Napean Sea Road,Mumbai
Sonale,Mumbai
Thane,Mumbai
Goregaon West,Mumbai
Santacruz East,Mumbai
Bandra,Mumbai
Acharya Atre Nagar,Mumbai
Kalyan,Mumbai
Ghansoli,Mumbai
Malad East,Mumbai
Lower parel,Mumbai
Panvel,Mumbai
Vidyavihar East,Mumbai
Lalbaug,Mumbai
Sion,Mumbai
Masjid Bunder West,Mumbai
Ghodbunder Road,Mumbai
Narayan Dabholkar Marg,Mumbai
Malad,Mumbai
Shastri Nagar,Mumbai
Juinagar,Mumbai
Cuffe Parade,Mumbai
Prabhadevi,Mumbai
Prabhadevi,Mumbai
Ambernath,Mumbai
Balkum,Mumbai
Kharghar,Mumbai
Lower Parel,Mumbai
Versova,Mumbai
Sunder Nagar,Mumbai
Gowalia Tank,Mumbai
Elphinstone West,Mumbai
Bhandup East,Mumbai
Kamathipura,Mumbai
Taloja,Mumbai
Kokan Nagar,Mumbai
Charni Road,Mumbai
Parel,Mumbai
New Panvel West,Mumbai
Uran,Mumbai
Andheri,Mumbai
Cumbala Hill,Mumbai
Kalyan,Mumbai
Babulnath,Mumbai
B.P. Lane,Mumbai
Virar East,Mumbai
Nerul,Mumbai
Saibaba Nagar,Mumbai
Bandra East,Mumbai
L.B.S. Marg,Mumbai
Malvani,Mumbai
Masjid Bunder East,Mumbai
Andad,Mumbai
Kurla West,Mumbai
Bandra West,Mumbai
Byculla,Mumbai
Vasai West,Mumbai
Chedda Nagar,Mumbai
Shanti Nagar,Mumbai
Mahalakshmi Nagar,Mumbai
MIDC,Mumbai
Prem Nagar,Mumbai
Thane East,Mumbai
Kamothe,Mumbai
Mankhurd,Mumbai
Girgaon,Mumbai
Chakala,Mumbai
Cumbala Hill,Mumbai
Zalawad Nagar,Mumbai
Kandivali East,Mumbai
Warden Road,Mumbai
Ram Nagar,Mumbai
Vile Parle,Mumbai
Mahim West,Mumbai
Shahapur,Mumbai
J.C.I.E. Kamothe,Mumbai
Diva East,Mumbai
Andheri East,Mumbai
Charkop,Mumbai
Dombivali East,Mumbai
Jogeshwari East,Mumbai
Vasai East,Mumbai
Vikhroli East,Mumbai
I.R.L.A.,Mumbai
Nanapur,Mumbai
Mahalaxmi,Mumbai
Vile Parle East,Mumbai
Manpada,Mumbai
Malad East,Mumbai
Vaikunthlal Mehta Road,Mumbai
Khar West,Mumbai
Borivali West,Mumbai
Mazgaon,Mumbai
Bhayander East,Mumbai
Bhadran Nagar,Mumbai
Masjid Bunder,Mumbai
Lokhandwala,Mumbai
Khada Colony,Mumbai
Ganeshpuri,Mumbai
Chakala,Mumbai
Panch Pakhadi,Mumbai
Sewri,Mumbai
Lower Parel West,Mumbai
Dhobi Talao,Mumbai
Kumbharwada,Mumbai
Chembur,Mumbai
Borivali West,Mumbai
Poonam Nagar,Mumbai
Goregaon West,Mumbai
Dombivali,Mumbai
Khopoli,Mumbai
Wadala,Mumbai
Chondhe Colony,Mumbai
C.B.D. Belapur,Mumbai
Gorai,Mumbai
Bhoisar,Mumbai
Dana Bandar,Mumbai
Saphale,Mumbai
Vikhroli East,Mumbai
Ashok Nagar,Mumbai
Mulund West,Mumbai
Dhanoshi,Mumbai
Navi Mumbai,Mumbai
Madh,Mumbai
Thane West,Mumbai
Navghar,Mumbai
Kalher,Mumbai
Vasant Nagar,Mumbai
Kherwadi,Mumbai
Kalachowki,Mumbai
Sarvodaya Nagar,Mumbai
Kamathipura,Mumbai
Padma Nagar,Mumbai
S.V.P. Road,Mumbai
Mascarenhas Road,Mumbai
Khar Danda,Mumbai
Titwala,Mumbai
Dombivali West,Mumbai
Fort,Mumbai
Kanjur Marg East,Mumbai
Kalamboli,Mumbai
Jawahar Nagar,Mumbai
Kurla,Mumbai
Khardi,Mumbai
Virar West,Mumbai
Ambewadi,Mumbai
Maroshi,Mumbai
Juhu,Mumbai
Boisar West,Mumbai
Thane Belapur Road,Mumbai
Vasai West,Mumbai
Bhandup West,Mumbai
Virar West,Mumbai
Byculla East,Mumbai
Wadala East,Mumbai
Aarey Road,Mumbai
Thakurdwar,Mumbai
Kalyan West,Mumbai
Ghatkopar East,Mumbai
Vasai,Mumbai
Dombivali West,Mumbai
Borivali,Mumbai
Wadia Colony,Mumbai
Antop Hill,Mumbai
Colaba,Mumbai
Powai,Mumbai
Virar,Mumbai
Malabar Hill,Mumbai
Sanpada,Mumbai
Thane,Mumbai
Kapad Bazar,Mumbai
Khardi,Mumbai
Tardeo,Mumbai
Kandivali West,Mumbai
Tilak Nagar,Mumbai
Akkarpatti,Mumbai
Wadala West,Mumbai
Seawoods,Mumbai
Altamount Road,Mumbai
Santacruz West,Mumbai
Churchgate,Mumbai
Pydhonie,Mumbai
Naik Wadi,Mumbai
Trombay,Mumbai
Delisle Road,Mumbai
Vile Parle,Mumbai
Sion West,Mumbai
Kandivali East,Mumbai
Bhat Bazar,Mumbai
Dadar,Mumbai
Sakinaka,Mumbai
August Kranti Marg,Mumbai
Azad Nagar,Mumbai
Lalbaug,Mumbai
Chembur,Mumbai
Mahim,Mumbai
Opera House,Mumbai
Marine Lines,Mumbai
Sheetal Nagar,Mumbai
Medhi,Mumbai
Ghansoli,Mumbai
Nalasopara,Mumbai
Nalasopara West,Mumbai
Kalbadevi,Mumbai
Kalina,Mumbai
Jagdusha Nagar,Mumbai
Mahape,Mumbai
Masjid Bunder,Mumbai
Kelwa Road,Mumbai
B.P. Road,Mumbai
Sion,Mumbai
Bhuleswar,Mumbai
Badlapur East,Mumbai
Agripada,Mumbai
Vikhroli,Mumbai
Byculla East,Mumbai
Majithia Nagar,Mumbai
Dombivali,Mumbai
Subhash Nagar,Mumbai
Nalasopara,Mumbai
I.C. Colony,Mumbai
Govind Nagar,Mumbai
Vidhyavihar West,Mumbai
Wagle,Mumbai
N.M. Joshi Marg,Mumbai
Chimbipada,Mumbai
Bhayander West,Mumbai
Charni Road,Mumbai
Dadar West,Mumbai
Bhatane,Mumbai
Grant Road,Mumbai
Pali Hill,Mumbai
Borivali East,Mumbai
Mira Road,Mumbai
Alonde,Mumbai
Karol Bagh,Mumbai
Vile Parle West,Mumbai
Nerul,Mumbai
Jogeshwari,Mumbai
Bhayander West,Mumbai
Ambernath South,Mumbai
Rajiv Gandhi Nagar,Mumbai
Rankol,Mumbai
Senapati Bapat Marg,Mumbai
Tembhode,Mumbai
Gandhi Nagar,Mumbai
Airoli,Mumbai
Bhiwandi,Mumbai
Nalasopara East,Mumbai
Naigaon,Mumbai
Kurla East,Mumbai
Kalwa,Mumbai
Gokhale Road,Mumbai
Abdul Rehman Street,Mumbai
New Link Road,Mumbai
Andheri West,Mumbai
Gaikwad Nagar,Mumbai
Boisar West,Mumbai
Navy Nagar,Mumbai
Mahavir Nagar,Mumbai
Mahakali Mandir Road,Mumbai
Govandi,Mumbai
Wadala West,Mumbai
Ashok Nagar,Mumbai
Bhayander,Mumbai
Colaba,Mumbai
Chinchpokli,Mumbai
Sion West,Mumbai
Dadar,Mumbai
Kolhapur,Mumbai
Wagle Industrial Estate,Mumbai
Ambernath,Mumbai
Mumbra,Mumbai
Oshiwara,Mumbai
Azad Nagar,Mumbai
Panvel,Mumbai
Bandra West,Mumbai
Kurla West,Mumbai
Lower Parel,Mumbai
Udyog Nagar,Mumbai
Mahim West,Mumbai
Matunga West,Mumbai
Vadgadi,Mumbai
Chunabhatti,Mumbai
Subhash Road,Mumbai
Jogeshwari East,Mumbai
Nariman Point,Mumbai
Lohar Chawl,Mumbai
Kalachowki,Mumbai
Turbhe,Mumbai
Khada Colony,Mumbai
Jai Jawan Nagar,Mumbai
Goregaon East,Mumbai
Chinch Bunder,Mumbai
Old Panvel,Mumbai
S.V. Road,Mumbai
Adarsh Nagar,Mumbai
Naupada,Mumbai
Pydhonie,Mumbai
Borivali,Mumbai
Ghatkopar East,Mumbai
Wadala,Mumbai
Daighar Gaon,Mumbai
Ranade Road,Mumbai
Powai,Mumbai
Badlapur,Mumbai
Bhulabhai Desai Road,Mumbai
Kalyan East,Mumbai
Mira Bhayandar,Mumbai
RCF Colony,Mumbai
D.N. Road,Mumbai
Ghatkopar West,Mumbai
Bhatsanagar,Mumbai
Fort,Mumbai
Link Road,Mumbai
Malad West,Mumbai
Dahisar East,Mumbai
Noor Baug,Mumbai
Kopar Khairane,Mumbai
Katemanivali,Mumbai
Bassein Road,Mumbai
New Panvel East,Mumbai
C.B.D. Belapur,Mumbai
Borivali East,Mumbai
Malad,Mumbai
Girgaon,Mumbai
Santacruz West,Mumbai
M.G. Road,Mumbai
Panjarpole,Mumbai
Dahanu,Mumbai
Bhiwandi,Mumbai
